{
  "default": {
    "preselectedVariant": "default",
    "primaryColor": "#4b7cf3",
    "logo": "Visual Builder",
    "isMenuCollapsed": false,
    "menuColor": "gray",
    "isGrayBackground": false,
    "isGrayTopbar": false,
    "isTopbarFixed": false,
    "layoutBreadcrumbs": "v1",
    "layoutFooter": "v1",
    "isContentMaxWidth": false,
    "isAppMaxWidth": false,
    "layoutMenu": "classic",
    "flyoutMenuType": "flyout",
    "flyoutMenuColor": "blue",
    "layoutTopbar": "v1",
    "menuLayoutType": "left",
    "isTopbarSeparated": false,
    "isMenuShadow": false
  },
  "waterfall": {
    "preselectedVariant": "waterfall",
    "primaryColor": "#4b7cf3",
    "logo": "Waterfall App",
    "isMenuCollapsed": true,
    "menuColor": "dark",
    "isGrayBackground": true,
    "isGrayTopbar": true,
    "isTopbarFixed": true,
    "layoutBreadcrumbs": "v2",
    "layoutFooter": "v2",
    "isContentMaxWidth": false,
    "isAppMaxWidth": false,
    "layoutMenu": "classic",
    "flyoutMenuType": "flyout",
    "flyoutMenuColor": "blue",
    "layoutTopbar": "v1",
    "menuLayoutType": "left",
    "isTopbarSeparated": false,
    "isMenuShadow": false
  },
  "ocean": {
    "preselectedVariant": "ocean",
    "primaryColor": "#4b7cf3",
    "logo": "Ocean App",
    "isMenuCollapsed": true,
    "menuColor": "white",
    "isGrayBackground": false,
    "isGrayTopbar": false,
    "isTopbarFixed": false,
    "layoutBreadcrumbs": "v1",
    "layoutFooter": "v1",
    "isContentMaxWidth": false,
    "isAppMaxWidth": true,
    "layoutMenu": "classic",
    "flyoutMenuType": "flyout",
    "flyoutMenuColor": "blue",
    "layoutTopbar": "v1",
    "menuLayoutType": "left",
    "isTopbarSeparated": false,
    "isMenuShadow": true
  },
  "sunrise": {
    "preselectedVariant": "sunrise",
    "primaryColor": "#4b7cf3",
    "logo": "Sunrise App",
    "isMenuCollapsed": false,
    "menuColor": "white",
    "isGrayBackground": false,
    "isGrayTopbar": false,
    "isTopbarFixed": true,
    "layoutBreadcrumbs": "v1",
    "layoutFooter": "v2",
    "isContentMaxWidth": false,
    "isAppMaxWidth": false,
    "layoutMenu": "flyout",
    "flyoutMenuType": "compact",
    "flyoutMenuColor": "dark",
    "layoutTopbar": "v1",
    "menuLayoutType": "left",
    "isTopbarSeparated": true,
    "isMenuShadow": false
  },
  "spring": {
    "preselectedVariant": "spring",
    "primaryColor": "#4b7cf3",
    "logo": "Spring App",
    "isMenuCollapsed": false,
    "menuColor": "gray",
    "isGrayBackground": true,
    "isGrayTopbar": true,
    "isTopbarFixed": false,
    "layoutBreadcrumbs": "v1",
    "layoutFooter": "v3",
    "isContentMaxWidth": false,
    "isAppMaxWidth": false,
    "layoutMenu": "classic",
    "flyoutMenuType": "flyout",
    "flyoutMenuColor": "blue",
    "layoutTopbar": "v1",
    "menuLayoutType": "left",
    "isTopbarSeparated": false,
    "isMenuShadow": false
  },
  "forest": {
    "preselectedVariant": "forest",
    "primaryColor": "#4b7cf3",
    "logo": "Forest App",
    "isMenuCollapsed": false,
    "menuColor": "gray",
    "isGrayBackground": false,
    "isGrayTopbar": false,
    "isTopbarFixed": true,
    "layoutBreadcrumbs": "v2",
    "layoutFooter": "v2",
    "isContentMaxWidth": false,
    "isAppMaxWidth": false,
    "layoutMenu": "classic",
    "flyoutMenuType": "flyout",
    "flyoutMenuColor": "blue",
    "layoutTopbar": "none",
    "menuLayoutType": "top",
    "isTopbarSeparated": false,
    "isMenuShadow": true
  },
  "river": {
    "preselectedVariant": "river",
    "primaryColor": "#4b7cf3",
    "logo": "River App",
    "isMenuCollapsed": false,
    "menuColor": "gray",
    "isGrayBackground": true,
    "isGrayTopbar": false,
    "isTopbarFixed": false,
    "layoutBreadcrumbs": "v1",
    "layoutFooter": "v3",
    "isContentMaxWidth": false,
    "isAppMaxWidth": true,
    "layoutMenu": "simply",
    "flyoutMenuType": "flyout",
    "flyoutMenuColor": "blue",
    "layoutTopbar": "none",
    "menuLayoutType": "left",
    "isTopbarSeparated": false,
    "isMenuShadow": false
  },
  "flower": {
    "preselectedVariant": "flower",
    "primaryColor": "#4b7cf3",
    "logo": "Flower App",
    "isMenuCollapsed": false,
    "menuColor": "dark",
    "isGrayBackground": false,
    "isGrayTopbar": false,
    "isTopbarFixed": true,
    "layoutBreadcrumbs": "v1",
    "layoutFooter": "v1",
    "isContentMaxWidth": false,
    "isAppMaxWidth": false,
    "layoutMenu": "flyout",
    "flyoutMenuType": "flyout",
    "flyoutMenuColor": "blue",
    "layoutTopbar": "v1",
    "menuLayoutType": "top",
    "isTopbarSeparated": false,
    "isMenuShadow": false
  },
  "waves": {
    "preselectedVariant": "waves",
    "primaryColor": "#4b7cf3",
    "logo": "Waves App",
    "isMenuCollapsed": false,
    "menuColor": "dark",
    "isGrayBackground": false,
    "isGrayTopbar": false,
    "isTopbarFixed": false,
    "layoutBreadcrumbs": "v1",
    "layoutFooter": "v3",
    "isContentMaxWidth": false,
    "isAppMaxWidth": false,
    "layoutMenu": "flyout",
    "flyoutMenuType": "flyout",
    "flyoutMenuColor": "blue",
    "layoutTopbar": "v1",
    "menuLayoutType": "left",
    "isTopbarSeparated": true,
    "isMenuShadow": false
  }
}